date,p025,p50,p975
2026-02-03,117.13136578980777,119.2299276041808,121.32171997519714
2026-02-04,115.11044082181873,119.54797621958717,123.82207097330104
2026-02-05,114.12187189980523,119.5056662147224,125.43597295865999
2026-02-06,113.43224171370656,119.80960646867646,126.85493715692712
2026-02-07,112.71902259755991,120.24621847882786,128.40560585304283
2026-02-08,111.53813347532846,120.44779988286072,128.82360422724636
2026-02-09,111.67709056996877,120.49104559170274,130.64147924106703
2026-02-10,111.47426037054656,120.9755820348695,131.52077351741715
2026-02-11,111.08508757194762,121.07608031330622,132.24497919627603
2026-02-12,111.08190810572758,121.3105603999098,132.71018121902495
2026-02-13,110.76676075776888,121.54016360570547,134.37307031047322
2026-02-14,110.36795597004213,121.86695968779485,135.22196240353247
2026-02-15,110.52059906686281,122.28397754318729,136.66843923528452
2026-02-16,110.12032039098602,122.91139942569109,137.3227916652527
2026-02-17,110.21185029720364,123.42552578875654,139.07808090907466
2026-02-18,110.09491617002897,124.23351453254963,139.950793313829
2026-02-19,109.89820091966926,124.44566284172251,140.0809964594423
2026-02-20,109.31458480235091,124.80695477140068,139.3815574314305
2026-02-21,108.47806858724529,125.23897787996336,140.73261862508653
2026-02-22,108.83337427995689,124.90578097112211,141.34410642828425
2026-02-23,108.79699496736866,124.960435342047,142.627261736809
2026-02-24,108.5184878169608,125.5824891652131,142.9509167752082
2026-02-25,108.8195658068838,126.03988174400496,143.8927238984441
2026-02-26,108.36127607691283,126.1383144599859,144.4882053634125
2026-02-27,107.7670197289082,126.8114751293839,145.57654822326708
2026-02-28,106.5965840913738,126.93602006170944,146.60763034165367
2026-03-01,106.94180848237747,127.33554388837535,146.3959138016576
2026-03-02,106.61351598324882,127.65853332807247,147.5204741124115
2026-03-03,106.6808433683996,128.04803942106352,149.28738993028185
2026-03-04,107.34584050912436,127.94004658212731,149.05060126627265
2026-03-05,106.00587869812071,128.12672026739926,149.90068294281602
2026-03-06,106.25313671567795,129.03286603436038,151.03391011238693
2026-03-07,107.15120722486236,129.1147916032262,152.76140965028577
2026-03-08,106.87895236100245,128.79611978118825,152.1699227304917
2026-03-09,107.1829873694317,129.44491527200398,152.91148431117603
2026-03-10,106.49086872170317,129.45922654086547,154.34779011949655
2026-03-11,106.67402794589495,129.52449189513226,156.31480791817407
2026-03-12,107.96558806276366,130.12724198864368,156.21760238437872
2026-03-13,108.0526817930043,130.25635037644764,155.93801744943974
2026-03-14,108.27517737244341,130.96773835449585,156.50547594866188
2026-03-15,109.11032219513221,131.2285157375977,157.88771472066094
2026-03-16,108.05161790395694,131.38583164987247,158.7344896622716
2026-03-17,106.7029874956224,132.07443172625455,159.31941530027942
2026-03-18,107.66308396197492,132.63767812008217,159.65706277175434
2026-03-19,107.9849244656382,132.39477655511882,160.24171838095694
2026-03-20,107.51705403892115,132.82816990496997,160.47800444862747
2026-03-21,107.05762532305214,132.55378963415453,160.79477296722646
2026-03-22,106.77332647811905,132.75299843219528,160.43203007807884
2026-03-23,106.63674740579779,133.22169979187942,162.42897336246483
2026-03-24,106.61935924343393,133.59236223415576,162.77681904204405
2026-03-25,105.76067137028423,133.66422641560516,163.83803684639287
2026-03-26,106.15251748145525,133.2497172945442,165.96109224567164
2026-03-27,107.03835826536773,133.55985326632282,166.90264436957432
2026-03-28,106.78344108585004,134.52587609311541,165.75783394374338
2026-03-29,107.5082965842,134.06763901631416,168.28711083308494
2026-03-30,107.54236925388028,134.5539146221909,168.9945657492799
2026-03-31,106.72143609869303,135.42402515043128,169.8049113393101
2026-04-01,106.97579963142915,135.62284604038928,170.33186935134955
2026-04-02,106.404837749196,135.81786647486388,170.74901303123542
2026-04-03,107.95829142986052,136.2614783814917,170.11067821829226
2026-04-04,105.41315582082639,136.63752858904212,170.1680576749605
2026-04-05,105.29207392882896,136.75434656153368,170.79558565742093
2026-04-06,105.37568705339378,136.82049989802402,173.75873729851324
2026-04-07,106.91491680503164,137.19340022617075,174.56616036877801
2026-04-08,106.77046430797766,137.1936832603323,173.33326544974327
2026-04-09,106.80150158202439,137.16615891876188,175.07917657785936
2026-04-10,107.4875574111019,138.2673609488112,173.71519434559642
2026-04-11,106.48763384507062,138.46772930264618,174.50005018215114
2026-04-12,106.36422601934034,138.4677780445021,175.41852613983878
2026-04-13,106.3620038501517,138.42212071147128,175.74736408782655
2026-04-14,105.8255939694305,139.37850733777023,179.2228062958956
2026-04-15,106.78759864342854,139.23008355435366,181.16236175591408
2026-04-16,108.12668730962939,138.87928386724968,179.16763762608466
2026-04-17,106.85212479592958,139.3590130754995,179.5077793724373
2026-04-18,106.71966928462109,139.7226864487301,179.19597446733704
2026-04-19,107.07216010956574,140.49074285996895,179.626138419364
2026-04-20,107.48408661628413,140.12403441029846,181.38199403275235
2026-04-21,108.2391640248972,140.15997311877905,183.4337368486181
2026-04-22,109.1619589472821,140.24919138734504,186.25114930869012
2026-04-23,110.00838219465997,140.2003904463508,186.3237821895291
2026-04-24,109.55643625061262,140.84909527420353,187.80483869406876
2026-04-25,109.40831475178366,141.82450832576586,188.49012582710301
2026-04-26,108.86389981688384,142.32212708334964,189.09674382214305
2026-04-27,110.12429178328345,142.76849927921808,189.6665771844295
2026-04-28,109.65096949851753,142.94584039491528,188.8412980273608
2026-04-29,110.3728342922881,142.0121338117035,187.45663690751988
2026-04-30,110.77612848298271,142.7513614183339,190.88151214054716
2026-05-01,111.39545231240861,143.31291750035422,191.29265288497007
2026-05-02,111.05382726175726,143.49807627898184,192.39887628850144
2026-05-03,110.66679495214974,143.75234361458308,190.70300400418307
2026-05-04,112.24586342069874,143.72072169587307,192.34381524237202
2026-05-05,110.2538429117617,144.42228936417555,195.79935633185232
2026-05-06,111.40116450868476,144.85294875544955,196.178948525027
2026-05-07,111.1127042216561,144.54526976252777,198.67148194909416
2026-05-08,111.08943646141572,144.63384082018572,198.43122726692684
2026-05-09,109.7689112981118,144.4894637702657,198.81982680323162
2026-05-10,110.59173903753737,145.25201483121853,197.72648847901334
2026-05-11,110.32327863656324,146.2732023554923,199.24075276841918
2026-05-12,110.22531657091908,147.01577200964965,201.90026692623624
2026-05-13,110.17797305269731,147.84329063167792,202.07594283164522
2026-05-14,109.67650036113092,148.7480083928601,200.10773549423178
2026-05-15,110.1112794968238,148.965884444428,200.2168451870482
2026-05-16,112.21837522330591,148.77242123099194,201.4706028997465
2026-05-17,111.93318494550363,149.10688409099083,201.53107314267308
2026-05-18,111.30505185505643,149.7812999060739,202.45491647720334
2026-05-19,110.48922764593846,150.06735675699534,204.29879612162034
2026-05-20,111.00211265922542,149.91563081230584,207.78959612162035
2026-05-21,111.41092542029477,149.46877436995885,206.02025619537008
2026-05-22,112.19765758365848,150.1316478312881,203.92119413286164
2026-05-23,114.19440318812818,149.87675863270104,205.4454549041174
2026-05-24,113.72002861774602,149.8901497646828,206.37475867332566
2026-05-25,112.42386462147851,150.42385976250972,206.7863397517385
2026-05-26,112.70834771078948,150.53176783713258,207.37532134529474
2026-05-27,113.10644648645031,150.85744196346593,207.03427609127192
2026-05-28,114.03497169971607,151.59749074973251,207.23168721628872
2026-05-29,114.60260725571509,152.43133263883152,207.19984231119903
2026-05-30,114.72110466446244,152.55172025144805,207.0315525884891
2026-05-31,113.72433614252424,152.70317967313716,209.14723259624162
2026-06-01,113.71121957389501,153.24960838901723,210.60090895535026
2026-06-02,114.14708468939618,154.12944112229758,211.6610778023732
2026-06-03,114.26007734602014,154.20044818088897,211.6958956365085
2026-06-04,113.46626385939945,154.14800893073834,212.38065008456937
2026-06-05,112.17105053273805,155.21431457812093,211.12920493365823
2026-06-06,113.37028015028093,155.79833300635548,211.51247389511605
2026-06-07,113.01265647588474,155.1406806390052,214.52571983216396
2026-06-08,114.11807337565324,155.69523119191877,214.74724911081026
2026-06-09,114.50418089355239,156.62123614734216,215.88537901955388
2026-06-10,115.00027049312877,156.7589355079254,218.2456700954832
2026-06-11,115.36783819151935,157.1909010603722,216.45361939405177
2026-06-12,114.69646123663047,158.3101279425481,214.84373468359868
2026-06-13,113.87404035353455,158.3639272899336,214.55116325291056
2026-06-14,113.67683837760845,158.6786434587815,216.49469402630737
2026-06-15,114.25246274647053,158.6488509394229,219.9854940263074
2026-06-16,114.63896805074245,158.63262726077502,219.90984034441524
2026-06-17,115.26780844842519,159.26919334014764,220.32617314714065
2026-06-18,113.95567763135713,159.4018786260742,222.0307278777009
2026-06-19,114.27620670464418,160.75386473141953,222.9341155852976
2026-06-20,113.88186536806238,160.01666966458754,222.46628302372943
2026-06-21,113.56335721953263,161.06697521099426,222.10492931424287
2026-06-22,114.52531727406001,160.62564165696736,221.1664737707833
2026-06-23,114.47915324819387,160.69844993285372,222.87133912604548
2026-06-24,114.49115916025801,160.69768170717606,224.34629904839787
2026-06-25,114.20004605824845,161.30238013657794,223.7733479111633
2026-06-26,113.90302006047075,161.84902423923836,222.90093175205098
2026-06-27,113.18441275569673,161.39185795626747,224.16115772284147
2026-06-28,114.86343328051935,161.44237264242906,225.0771691307985
2026-06-29,113.96632322605599,162.06968013166778,225.8929986462344
2026-06-30,113.94715433771245,162.47729319720327,227.09211513579658
2026-07-01,113.37170927892468,162.40065169511763,229.2881652684434
2026-07-02,114.74338809644266,163.27658371312788,229.11964875826172
2026-07-03,116.10499093563304,164.4269039725139,228.3246958515282
2026-07-04,115.75226181700484,164.28298050956326,228.2859996998134
2026-07-05,115.93601930141482,163.89326863588806,230.24519901245594
2026-07-06,115.76905045874425,163.94896794641056,229.43527242456136
2026-07-07,116.82887551269002,164.51317624296775,229.78070693906
2026-07-08,118.1308410499392,165.10925822606566,229.3718301156384
2026-07-09,118.82265262253485,166.02034295030538,228.5642986578425
2026-07-10,117.902889011113,166.30657670897935,229.12851203473727
2026-07-11,116.99402606924467,166.40524587885483,228.70571714409533
2026-07-12,117.67029970709817,167.01593517689366,228.43827635989823
2026-07-13,119.06403591403394,167.125055984975,228.73346692651708
2026-07-14,119.16712475649786,167.65356183361277,229.62842364486613
2026-07-15,119.11482721792731,167.75315120748724,227.9799742521353
2026-07-16,119.53781514693196,167.07081869531447,228.01561514699492
2026-07-17,119.6977407865428,166.61091096987997,230.16340808577112
2026-07-18,119.57516867602362,167.4786117592061,231.07360843282288
2026-07-19,119.62153878445434,168.33443922467472,230.722503534485
2026-07-20,120.23044321148556,169.1165256487081,228.72974078623037
2026-07-21,120.68086215698165,169.29601486389487,232.03460100477974
2026-07-22,119.891595571571,169.52754872599454,234.08526096380783
2026-07-23,118.56742783506728,169.64497893535122,234.43488175360542
2026-07-24,118.4492836668075,170.41696404365882,234.99701895585704
2026-07-25,120.43355136677086,170.4736708817963,237.12529256080464
2026-07-26,120.71732905187017,170.81893593121646,234.3039618974699
2026-07-27,119.72028214006198,171.30862195260156,235.10351496152617
2026-07-28,120.08435538391062,171.58197792770932,233.95416292382995
2026-07-29,119.88715618521137,172.43822952503737,233.47122927257985
2026-07-30,120.23116193513602,172.5041106525047,233.9567083438712
2026-07-31,120.95469452954956,173.45730121543966,236.8315653405466
2026-08-01,120.67348621069073,173.91903082632956,240.30686849352674
2026-08-02,121.03475387978013,174.22595413282107,243.7321416745426
2026-08-03,121.08198294502587,175.20409595050035,240.63592371232244
2026-08-04,122.22323328569834,174.92812796371987,244.05697687316984
2026-08-05,121.74430375426708,174.65549872010456,246.8825786783838
2026-08-06,121.40512030866809,174.55122358848828,246.7985624552625
2026-08-07,121.73664837838069,174.9706395191045,243.65930798278296
2026-08-08,122.32460364220667,175.29547957724816,245.83692648568527
2026-08-09,122.70355648582951,175.36887341965735,249.22143627193353
2026-08-10,123.0423272068576,176.53755830916253,251.35576039733942
2026-08-11,122.73791322713744,176.26293137630037,253.25176744655042
2026-08-12,123.52114966000167,176.1608059625259,251.49279392716636
2026-08-13,124.38598610436927,176.0908400363133,253.12850482992673
2026-08-14,124.1256059492407,176.62849621914793,254.2593246089373
2026-08-15,125.58029556662939,178.1913811937989,255.0680903449552
2026-08-16,126.26831639956559,177.65542731616537,252.84183801021297
2026-08-17,126.23678776806531,177.49348467206352,256.23430217353894
2026-08-18,126.68551777043584,177.30001354852493,257.7685351955967
2026-08-19,127.40344989908957,177.97986406682992,259.6036837038826
2026-08-20,126.85687109435278,177.83231641542136,263.0248327624505
2026-08-21,126.9873318399179,177.7417774481192,264.9317554977534
2026-08-22,127.4617836157081,178.0379322071443,264.763117938158
2026-08-23,127.62609455994182,177.70123196137982,261.7111989223421
2026-08-24,126.49735426443819,178.54473845224658,258.33079892234207
2026-08-25,127.47949939611756,178.68748693682267,261.8188883256422
2026-08-26,128.15897062095388,178.1424817951916,265.2736382728982
2026-08-27,128.11045113007322,178.73714897839895,266.120682844924
2026-08-28,128.60934948510365,179.35201911373917,268.08533509420846
2026-08-29,128.33161029418673,179.64280562191476,268.99848213191945
2026-08-30,128.6375772010497,179.38840601973524,269.1598000116199
2026-08-31,129.00701303976425,179.3028652016515,269.90116367928493
2026-09-01,129.60213187068265,179.54461790739614,269.0714218335481
2026-09-02,129.7563599453203,179.27774185276428,269.71754204947314
2026-09-03,129.60475249478804,179.74020305093833,271.71969233227713
2026-09-04,128.86513755319544,179.79990606326584,272.1360618589896
2026-09-05,128.5912788774412,180.38020676167903,269.17483564376744
2026-09-06,129.22181646019655,181.33340432460346,268.2861573781108
2026-09-07,129.4820172884581,181.41388404842937,267.3792054311633
2026-09-08,130.1169854080579,181.2374991915824,270.08635021019523
2026-09-09,129.91922351789347,180.939763089787,273.0255756034553
2026-09-10,130.1252119847728,181.2762167781026,272.8767004402899
2026-09-11,130.43982548522195,182.25724932110307,275.54432282896903
2026-09-12,130.78759676846218,182.9482108722441,273.1993369279487
2026-09-13,130.83042251553974,182.7340177592035,273.68228736473867
2026-09-14,131.09140576208816,183.31892389631767,274.530581596169
2026-09-15,130.83141066960184,183.6888478899955,271.3011467408552
2026-09-16,130.21862997866828,183.28564236634048,267.9710536906465
2026-09-17,130.42867083815958,183.9438373250682,265.63636050583284
2026-09-18,130.48613518458606,184.40307208703044,266.11090231501316
2026-09-19,130.59006424337827,183.85476969521773,269.5248830298679
2026-09-20,130.83070413876777,185.11821861188807,272.8501765535434
2026-09-21,131.34830832249955,185.9947496240595,276.23040050866155
2026-09-22,131.1634932196989,186.32080866569578,275.68560929277345
2026-09-23,131.6274400612872,186.60370615127846,279.1764092927734
2026-09-24,130.90490987521977,186.91249651121743,282.60316668424775
2026-09-25,129.99678316393957,186.3136958201081,280.51148787267493
2026-09-26,129.78518378623062,186.39900968460594,283.921628704247
2026-09-27,130.53497384393975,186.11209780920677,286.34680221143987
2026-09-28,130.84960873401798,186.50294776814542,284.1977544341758
2026-09-29,131.07635904030963,187.03513190333598,280.81735443417574
2026-09-30,131.8065231174876,186.93356366562722,277.49363564829565
2026-10-01,130.7238003395174,186.66304549670508,277.598802523877
2026-10-02,132.84699384233429,187.38554104526133,274.2990488064932
2026-10-03,132.91829911714416,187.9698794503949,274.2932804858363
2026-10-04,132.83544265738144,188.31137109617114,277.6189445749312
2026-10-05,131.66920200702705,188.38608440710786,277.8665528470933
2026-10-06,130.9805372737137,189.7415628592143,278.5472131749095
2026-10-07,130.16453618215374,191.15500868784585,275.2743423136126
2026-10-08,131.49466900549675,191.45554302696388,276.1369253205121
2026-10-09,131.9816515052134,191.94948919604104,278.0333306223873
2026-10-10,132.40059962055855,191.73698583635968,276.3613849653032
2026-10-11,132.63237507381936,192.6009061569179,279.8395934281512
2026-10-12,132.62871265303366,193.17043573342124,280.01833305059387
2026-10-13,133.59306054072357,193.16902633748563,281.4360700724999
2026-10-14,133.8772910085349,193.69681293923853,282.563039191904
2026-10-15,133.27489163520022,193.75315869468426,283.14680950730724
2026-10-16,132.62100921152538,194.11427407685443,285.1895596118734
2026-10-17,133.76561074321893,194.32699590672527,288.661546376391
2026-10-18,135.13856916173242,195.1480237417147,290.18735169431085
2026-10-19,135.37405533367937,195.57752756862266,290.1357621021358
2026-10-20,133.67069975193203,196.10066041405133,291.8527465642041
2026-10-21,135.0004611778217,195.87233564026997,292.4800883214007
2026-10-22,136.41904872507808,194.95143166031568,292.1112377799862
2026-10-23,136.92037744206553,194.21789152917864,295.60203777998623
2026-10-24,137.20686010190454,195.00420714385012,293.56713456516417
2026-10-25,137.18659102801408,195.33667637206943,290.27386971661196
2026-10-26,137.7652125386945,195.25847211736516,293.59288971661215
2026-10-27,137.466427268636,196.481168929688,294.8586150441835
2026-10-28,137.30067322170905,196.93425856241214,295.6062968784328
2026-10-29,139.1051431994776,195.96825572138164,294.6502642155077
2026-10-30,138.4610714019357,195.57694107429808,293.646978746632
2026-10-31,138.24828258048038,195.78317397330338,294.24080078841035
2026-11-01,135.75480872015257,196.32986471149553,293.8346265483842
2026-11-02,134.84404398350873,196.71328407197012,292.58541080858765
2026-11-03,134.63483284018935,196.49992816296663,294.9927464089662
2026-11-04,135.4081366971401,197.48257693897864,294.3731448347719
2026-11-05,136.22582147654452,198.38941831835893,295.9185669040937
2026-11-06,137.07865929198536,199.09008436914408,292.61563097518956
2026-11-07,137.40613773717115,198.62803960955154,292.39312790222965
2026-11-08,138.05445497125754,196.8494582678238,290.59900761998676
2026-11-09,138.68413052262494,197.2626256783705,292.529135400512
2026-11-10,139.1764854009448,198.3063891992582,296.0008343450213
2026-11-11,138.50679766937037,198.3218433267644,299.4916343450213
2026-11-12,140.65263758502908,198.3362186598935,302.9285423452696
2026-11-13,140.39403377884324,199.6848812267009,300.66749396090063
2026-11-14,139.50489744350176,200.1774071537816,297.7839935820808
2026-11-15,141.87431620908367,200.6968831534067,299.66784714421874
2026-11-16,139.89035532992773,199.30060960484695,301.95883047462894
2026-11-17,140.20692349873696,201.37638787194874,304.2380447419105
2026-11-18,139.47218474233287,202.25538162920893,304.53807267219105
2026-11-19,139.07048166407998,201.14475933850585,302.27999813591214
2026-11-20,139.10426049518145,201.02399202824918,300.68250310777563
2026-11-21,139.39739118851455,201.45054394677328,304.0015231077758
2026-11-22,139.1674755920003,202.4143706677449,300.63516860385886
2026-11-23,140.15985082645554,202.86164720112947,297.3573531533599
2026-11-24,141.26077550153363,203.065695838495,300.67637315336003
2026-11-25,141.62900862053613,202.1372105592952,299.3694570331941
2026-11-26,140.8831431435841,202.55983943229805,300.90265925929634
2026-11-27,140.13419756970896,202.1513298667676,304.0344342013459
2026-11-28,141.22484272518838,202.8893398997379,300.8229264576405
2026-11-29,141.48372996863802,202.93494658660848,303.9999693599231
2026-11-30,140.07687125792188,203.13521117561442,303.5813362216254
2026-12-01,138.77015413879187,203.87315233599796,303.09186397794844
2026-12-02,139.78946830587705,204.2373438192651,301.52590332409727
2026-12-03,139.78833619090332,204.3774631113033,304.6000460249638
2026-12-04,138.43850519787907,204.18711059838228,302.2976090932124
2026-12-05,138.96382201671275,204.05324760383147,302.703112726925
2026-12-06,139.53047755425098,204.6988259079644,303.41280932217444
2026-12-07,139.38035547892534,204.77640054284683,306.9036093221745
2026-12-08,139.16949084775015,205.87935399210562,310.1970838190488
2026-12-09,139.7162654627976,205.17537032768007,313.66172795221803
2026-12-10,139.8289292206982,205.91649307362093,312.51935561056195
2026-12-11,140.01156352518444,205.7552511169849,309.3107356105617
2026-12-12,140.4541239258104,205.51739660344754,305.9303356105617
2026-12-13,140.52606291328584,206.33239345776983,307.252923454623
2026-12-14,140.30744629824338,207.54808960129503,304.04430345462276
2026-12-15,141.9866340419919,206.9465760566564,300.8356834546226
2026-12-16,142.13889893807973,206.6661452932673,304.0119009801473
2026-12-17,142.7508631978197,207.34892482704865,307.4300187394374
2026-12-18,142.44774149327532,207.55591550223608,310.74903873943754
2026-12-19,142.5574278657993,208.19669125309085,307.36863873943753
2026-12-20,141.71752680476268,208.6330391182447,310.59728901637015
2026-12-21,143.1973746887979,208.3529607167813,311.4724504333259
2026-12-22,143.80233451948382,209.19384078532013,311.3623267385524
2026-12-23,142.68463805959323,209.63084325902858,314.8531267385524
2026-12-24,143.47095296089105,209.30262024848875,317.87680831592445
2026-12-25,143.63088987420633,209.78010266360275,319.0197620574122
2026-12-26,145.16337317629066,210.44452087530726,321.05644618622154
2026-12-27,145.87112230024525,211.872351299662,319.84561116469956
2026-12-28,146.61730135677246,211.87489274703904,318.80275858974153
2026-12-29,146.58061135826657,211.31511939191896,321.87859966426976
2026-12-30,144.77810813832465,211.52073098595895,321.5135192843555
2026-12-31,145.61963652941836,212.062881436456,321.8616408520361
2027-01-01,145.56246107602712,212.12238373607582,325.30695005963463
2027-01-02,145.2858049332037,212.24232058004455,328.71846455055095
2027-01-03,146.38019986649618,213.1235291162628,328.54046133360015
2027-01-04,145.75852209960863,211.9522746688312,328.11032705644607
2027-01-05,146.02890253701085,212.1717853753262,327.6710877088892
2027-01-06,146.89481191568183,213.86597449891977,328.9264380924931
2027-01-07,148.5621977226574,213.23154241269043,330.2862992733896
2027-01-08,148.1410573183528,213.32321811638786,333.48539237465377
2027-01-09,148.1904352149568,213.34076297070288,331.52338701515015
2027-01-10,148.40464899807023,212.6500737840949,331.5056679221447
2027-01-11,148.5418611067608,213.35027810625928,330.907423693445
2027-01-12,149.57763809003166,215.14906524565828,330.39658384939133
2027-01-13,148.12124044198328,215.8450703109554,333.8873838493913
2027-01-14,148.24105642174996,216.2608018243905,334.13582232495327
2027-01-15,147.5624394274618,216.10695368435273,337.6123354926703
2027-01-16,147.1529650128555,215.5797791739609,336.8466922831316
2027-01-17,147.6806103939009,217.03450272325222,335.1024522712408
2027-01-18,148.43840064382158,219.32631046606994,338.5932522712408
2027-01-19,148.14240292324865,220.25546652500776,339.9055183798319
2027-01-20,148.6021961809596,218.91767992541702,337.6141267985115
2027-01-21,149.68021289976284,219.19817169060184,339.4397854165724
2027-01-22,148.9684693727531,218.90257749567027,342.8780291419653
2027-01-23,148.50712188819563,220.0317469194443,344.6301421355883
2027-01-24,148.5664694606632,218.26540286482646,342.03176810862897
2027-01-25,148.54336507357272,217.93208434595357,343.82599537258653
2027-01-26,148.9590664219411,217.14557501386412,345.12623938899605
2027-01-27,150.79260478300145,218.8349819277878,348.6170393889961
2027-01-28,150.26577344157613,219.17501533972768,350.3193140235124
2027-01-29,150.04835747874137,218.8208410795871,347.1188164334544
2027-01-30,150.7110196465589,218.1836428340763,348.8095861873997
2027-01-31,150.30499863327043,217.75930796943905,347.7328209806066
2027-02-01,150.2009078363052,217.94966313361905,348.9426409215761
2027-02-02,151.48488964899076,217.07275496330269,348.9711612847266
2027-02-03,152.94463400689165,217.11846338852502,349.21438938688215
2027-02-04,152.31343884040325,217.33391598340606,347.0442286116856
2027-02-05,151.08814117030002,218.4486877573058,349.37767675233755
2027-02-06,150.38032494627947,219.7422573652658,347.16445668818824
2027-02-07,149.74827199077117,220.15887558532563,347.6607611270541
2027-02-08,148.99309168511184,221.4138615489461,346.4873412437609
2027-02-09,148.95750602544112,220.4794556192527,347.8165465557478
2027-02-10,150.8250262099771,221.4145503586437,347.81937546334956
2027-02-11,151.31858408916878,221.29135928575207,346.8013036253115
2027-02-12,152.1134410994586,221.7543517296319,343.5889228389536
2027-02-13,152.33023757527369,222.07847115967004,346.72856233841367
2027-02-14,152.31778255888818,223.30793080427827,344.30898304896033
2027-02-15,152.15246437115073,223.7551943016864,346.1264399777134
2027-02-16,151.61500704932337,223.71998260349721,344.736857533126
2027-02-17,151.48401167823636,224.90058090937035,346.21836380927977
2027-02-18,152.5060158161338,226.401987188079,348.5001644485254
2027-02-19,152.57529414458511,224.98377381455435,347.13158272047326
2027-02-20,152.55909897670097,226.03363924003807,345.06914620315393
2027-02-21,151.94722145735253,224.9339600265239,341.75413176590763
2027-02-22,152.35630862100174,226.14400018182536,344.3525811969957
2027-02-23,153.1526190934558,226.5433935258567,346.5495638092797
2027-02-24,153.19420767134312,226.2409428532634,346.65756643282276
2027-02-25,153.12339978354564,228.0579338392441,348.63392472629687
2027-02-26,152.81978702685362,226.83176734698824,348.8683927867827
2027-02-27,153.6793583286164,227.18868769514535,350.5315338620635
2027-02-28,154.24771765991946,228.35498537530398,354.0223338620635
2027-03-01,154.68671811925304,230.27763192150746,354.9298727691403
2027-03-02,154.17030778900343,229.52316584459024,354.61667569120823
2027-03-03,154.06848272729337,229.30275991378596,352.637429129616
2027-03-04,154.59347242733764,229.6826733273021,352.82591595361856
2027-03-05,155.42807539966998,229.56347654983568,352.7923391347909
2027-03-06,156.50261636932382,231.50550216267345,356.28313913479093
2027-03-07,156.17296171660854,231.42995544748285,357.3595234081329
2027-03-08,156.4089095031057,230.55099262940107,357.54787683405306
2027-03-09,157.14844517565456,231.46417782552894,356.4404501341158
2027-03-10,156.02460198993612,232.670761434479,356.5315455314131
2027-03-11,157.08464774136786,233.4077099081103,359.6779522913886
2027-03-12,157.50944942993632,232.83203477953282,363.16875229138856
2027-03-13,158.41774761104205,232.19600714066553,360.5686906757987
2027-03-14,158.82749355925898,232.5231300295765,359.07292399008236
2027-03-15,157.93821620379174,232.28209280676487,356.861622716986
2027-03-16,157.45535757291285,231.82209590356354,360.2671792797323
2027-03-17,158.30509530486611,231.95957799182736,360.9672046169887
2027-03-18,158.34304302122752,233.31674596913112,360.3775792797323
2027-03-19,157.08289479814025,233.69162460508085,360.98764073767666
2027-03-20,156.53353213594815,234.16534150440197,362.8376627433097
2027-03-21,156.5099181665452,235.461288209703,362.26405552790794
2027-03-22,157.1090286893495,235.23750582548575,364.57125797847533
2027-03-23,158.01427479900593,236.97512716581755,367.8841614042054
2027-03-24,157.297983363385,236.61812453429627,365.7245973626648
2027-03-25,157.89197710254166,237.38918661034228,365.3778347367613
2027-03-26,159.8492151394607,237.54984922197903,365.6689681291617
2027-03-27,159.1552469286194,237.80926969748916,364.32323867755355
2027-03-28,158.43938817393618,236.23009250037802,367.7278185100763
2027-03-29,157.40768378819584,236.26898369182692,365.4881120524152
2027-03-30,157.62435387151288,235.46800032658103,368.97891205241524
2027-03-31,157.6823508475214,237.1752053895882,372.385620158533
2027-04-01,157.46786094988252,237.55829012358225,375.8010630838241
2027-04-02,156.666050895216,239.22180862985596,372.86018342289134
2027-04-03,155.7852273052427,239.34945647379595,373.5693519879363
2027-04-04,156.12274720911114,238.03153362306657,373.50534045456084
2027-04-05,156.65407155120892,238.20801628551587,374.4813871138843
2027-04-06,157.15918312783276,239.48248438435994,376.34651383042547
2027-04-07,157.3338733456551,240.26291097765807,376.2191722154158
2027-04-08,157.6679215536903,241.50906030117628,373.9342229060898
2027-04-09,157.06384805539005,242.55730867571685,376.5735919613188
2027-04-10,156.50323331934985,242.76293406156154,376.2842295135293
2027-04-11,155.77219499139443,243.85260080754563,376.6100964281646
2027-04-12,156.1244431647216,243.5249448176961,376.26714453207626
2027-04-13,156.13644648413054,243.63592063649907,376.77471834708274
2027-04-14,155.5331054901683,244.09267802115556,373.45681782390454
2027-04-15,156.16655483278322,243.67423252419664,371.2253764388877
2027-04-16,156.42507763987578,243.54123879137347,374.7161764388877
2027-04-17,156.79669366093165,244.52292627588633,377.6645488708734
2027-04-18,156.58959968886344,244.5302586141037,377.4340097252645
2027-04-19,155.94668292952326,244.87589904332273,374.5730907582805
2027-04-20,155.14701775333526,245.20808451500477,374.80938260203135
2027-04-21,155.17107965030922,244.5261290073408,377.5685517533199
2027-04-22,155.64541141473455,244.5520425917582,381.05935175331996
2027-04-23,154.6567185271129,245.81733345141126,381.0878480064117
2027-04-24,155.83590961251298,245.74224243009604,379.55848614173715
2027-04-25,156.8447454106193,245.00423331113248,378.1903030150677
2027-04-26,156.65837655534662,244.09630431701777,380.7415361001827
2027-04-27,156.75709602438963,245.1899069221322,381.02811535185333
2027-04-28,158.0580373811584,244.79515117921707,382.67186920983283
2027-04-29,158.37912283081633,244.06601969501602,382.8917027161304
2027-04-30,158.56771690686782,244.88372231925553,381.48186553855305
2027-05-01,159.38405156564218,245.8122329977744,384.6820634366611
2027-05-02,160.31590325781792,245.30262318307197,388.0010834366613
2027-05-03,160.36236482315365,246.69412872567065,388.8463308590911
2027-05-04,160.70012707960308,245.74455854811333,388.11148343666133
2027-05-05,160.0796104475392,247.10950314520235,390.9713380346883
2027-05-06,159.700879260797,247.0237022345655,390.4583958474062
2027-05-07,159.63499527634363,246.59813608974434,393.8297691322105
2027-05-08,160.37757024440728,247.2688192486627,395.3808463960455
2027-05-09,159.65195268306402,246.02424451834895,393.51239853288814
2027-05-10,159.64076629421282,246.08355658982308,394.41782864937676
2027-05-11,160.1593677747992,247.42115521192022,395.78073573257643
2027-05-12,161.1240592284497,247.15984823227453,394.99062643879756
2027-05-13,160.8537621896662,248.4470832536974,396.92192878709835
2027-05-14,160.43717828280944,249.21775353558306,399.4459958920732
2027-05-15,160.69093917298372,248.61085219339603,402.93679589207323
2027-05-16,159.7875512814719,250.34509160333135,404.62391735745115
2027-05-17,159.54002400734961,250.61342752590724,401.24351735745114
2027-05-18,159.24802485520718,251.00405526011198,398.034897357451
2027-05-19,160.21289284204144,252.45311388111338,394.8262773574508
2027-05-20,161.07163661679328,252.0610791219908,398.1905465350968
2027-05-21,161.74426885906522,251.3794382066822,401.68134653509685
2027-05-22,161.99058682027794,251.61868023628216,398.30094653509684
2027-05-23,161.41259107871363,252.98466246545678,394.92054653509683
2027-05-24,161.90870181829973,253.7252426397661,391.5401465350968
2027-05-25,160.99155098988967,252.74939112592176,389.886734668707
2027-05-26,160.55266151106312,253.48120316920821,392.67612620600187
2027-05-27,160.89156334138923,252.83232578007292,396.1669262060019
2027-05-28,162.18458616624665,254.36901245257047,399.5213861432683
2027-05-29,161.54017521594986,254.2492395854059,400.01156828828135
2027-05-30,162.66628959114564,255.1642444988266,396.8029482882812
2027-05-31,162.48855312847638,256.0579490365672,399.64811500601394
2027-06-01,162.7636342425653,256.91954831069194,396.37759804472705
2027-06-02,164.54111624483264,256.73035006045035,399.69661804472724
2027-06-03,165.4435793963225,258.21882686440927,403.1874180447273
2027-06-04,164.79156917162462,259.97515327969853,403.3079462060022
2027-06-05,164.22444436113796,259.04645905820234,402.3610536607643
2027-06-06,165.64993187658987,260.97147128989866,405.85185366076433
2027-06-07,163.37628148530803,262.1740767250609,404.1896509304287
2027-06-08,163.69956209808674,262.43041847617746,407.6220988193841
2027-06-09,163.8056584961293,261.55006613766807,406.0165621093849
2027-06-10,163.57157979151538,263.4508457352456,406.8983051467391
2027-06-11,164.51620973003955,261.6038122855975,404.80584491439885
2027-06-12,165.83311007128415,261.58694572056277,402.765783810927
2027-06-13,166.25359551347918,262.7682909410518,404.37762121456393
2027-06-14,166.89741401617474,260.9306273426506,407.86842121456397
2027-06-15,167.0413055533221,259.1365511381516,405.3811951486138
2027-06-16,166.85168451477156,259.5632652715511,406.48928413924034
2027-06-17,167.05889351086722,261.3234300059232,409.43170615416807
2027-06-18,167.13513802146113,262.4609391513334,412.81849316334643
2027-06-19,167.30645420050314,261.8335663732721,416.1045880711198
2027-06-20,166.57765348015153,263.5077492901095,419.5953880711198
2027-06-21,166.4170475161313,263.4017310726615,416.44293667230414
2027-06-22,166.4633797262507,264.16860987506607,413.06253667230413
2027-06-23,166.5502467833544,265.05634059751014,416.5289083196834
2027-06-24,167.9066481087387,265.9642574070162,417.46267215525774
2027-06-25,167.04049536288932,265.99138835192844,420.8251615409604
2027-06-26,167.4056786954847,264.9024562836575,423.4531022831765
2027-06-27,168.1876194231436,265.58266617533354,426.94390228317656
2027-06-28,168.40488159551538,264.79936869449824,428.20266067125726
2027-06-29,168.87133388216307,263.82995180863907,424.92075842749136
2027-06-30,169.03919671411546,264.31620927810303,423.62162866108446
2027-07-01,168.7531937356984,265.8791437825432,425.0764107306107
2027-07-02,169.35846071930874,267.08783258664914,424.9966952700937
2027-07-03,171.11585562102925,267.9273454494704,428.42996433617526
2027-07-04,170.0339868543864,267.1100641952709,428.30727526028977
2027-07-05,169.5181002389415,267.76512424573014,426.33760928102174
2027-07-06,170.84101487496648,267.7853159329865,423.06344067703185
2027-07-07,171.06738509406557,269.20590755374934,419.8548206770317
2027-07-08,172.19711358031233,269.0111592855193,423.2198478170928
2027-07-09,171.79658954658888,270.79735955932745,426.538867817093
2027-07-10,172.7587999874518,269.53759606317794,424.9082905393535
2027-07-11,172.48945028822715,270.0226348991166,428.39909053935355
2027-07-12,172.08855013710863,269.6901791972356,430.14006781709304
2027-07-13,171.94413926073108,270.1259888244251,431.47371321175666
2027-07-14,171.94512538797923,270.1675818198489,433.53329381939466
2027-07-15,172.39332574120618,271.1145373815714,430.23618581180597
2027-07-16,172.1888125882761,270.94695315455203,430.599416702938
2027-07-17,171.61491839995688,270.51252544003785,430.3241467535728
2027-07-18,171.5180848232977,271.6386960780955,430.72246415307256
2027-07-19,172.24184460294532,271.9808268533716,432.75632907266686
2027-07-20,172.90588583269496,271.0793707250981,431.2863663046167
2027-07-21,173.35517573238974,270.36727976182567,434.1051374291072
2027-07-22,172.63705655398877,271.2340708652516,433.028452438955
2027-07-23,172.35122098523962,271.12398856941354,433.14890907266675
2027-07-24,172.33472393602273,272.50796021950157,436.46792907266695
2027-07-25,172.77841438518485,272.02437741340736,439.95620808754984
2027-07-26,172.99690403484487,272.4652139782619,442.5361322931489
2027-07-27,173.31245166407084,273.8629886287828,445.057658774474
2027-07-28,174.59359912713185,273.51843278637426,448.54845877447406
2027-07-29,174.3324852577726,273.5027122390177,452.0392587744741
2027-07-30,174.0714740807097,274.5390474629533,449.71923570326766
2027-07-31,174.35659986623253,273.5008368196077,448.89079329873096
2027-08-01,173.37310679244464,274.4777769619851,452.20981329873115
2027-08-02,173.6726165927538,272.46110881091045,448.90021033773957
2027-08-03,174.3619294639926,273.414583744012,445.6915903377394
2027-08-04,173.5413637458478,273.7896164536981,443.22083359992615
2027-08-05,172.91757198455198,274.09353543223426,442.522817106906
2027-08-06,175.1579303199232,273.7150421098212,445.8418371069062
2027-08-07,175.40252067829311,275.752439211907,447.11234196796886
2027-08-08,174.52127879050857,275.0799475543787,443.7785558903863
2027-08-09,173.2524983356959,275.7993644792778,445.03213846288
2027-08-10,173.3974435685199,277.0906407433718,448.52293846288006
2027-08-11,174.19600035963154,278.0255903582428,449.4590971960415
2027-08-12,174.0406078121302,276.2437031181822,448.6350595717473
2027-08-13,173.31655438877377,277.20993136561594,447.5737498639439
2027-08-14,174.23475816488963,277.88378457526,451.0645498639439
2027-08-15,174.60468021219467,277.9485313101555,447.85592986394374
2027-08-16,173.86525871351884,276.88479580745843,451.17494986394394
2027-08-17,175.59612319492686,274.8398281487382,452.3466595717474
2027-08-18,175.73189688581806,276.69040460196254,453.32065005018956
2027-08-19,175.02119276874072,276.87767486861037,454.7130652137909
2027-08-20,174.1200985165596,276.5218499049655,453.5001925458884
2027-08-21,174.1935807861788,276.7846203485649,456.8192125458886
2027-08-22,174.90734997657205,278.8908060889747,456.0582595717475
2027-08-23,175.22913865809917,278.54301258855486,457.0870371069065
2027-08-24,174.5360599424278,279.7726687869367,458.35754196796915
2027-08-25,174.7789073878518,280.77763648038854,461.69264602726054
2027-08-26,174.89355035868272,281.71528857816986,462.1070729879737
2027-08-27,174.41055026558456,282.44992437008904,458.89845298797354
2027-08-28,173.2440820991265,281.8448823866697,462.3892529879736
2027-08-29,172.92974483891484,282.4400391017715,465.7139863004489
2027-08-30,171.44890784725752,281.74553193147705,465.663547985193
2027-08-31,170.92072801218276,281.87700858456765,462.4229707243195
2027-09-01,171.22279314869274,282.3040708069813,465.7419907243197
2027-09-02,171.35151174602575,282.98078399201364,466.9722595717477
2027-09-03,169.88821261979976,283.27859850912137,470.46305957174775
2027-09-04,170.17043606570812,283.3233052169142,467.08265957174774
2027-09-05,169.7956075242448,284.47616554664774,469.2448631078655
2027-09-06,170.55382465493668,284.6956429582656,466.62831155681533
2027-09-07,169.74350679512207,284.61172085256896,463.2479115568153
2027-09-08,170.23294864274888,283.88007108692216,460.0392915568152
2027-09-09,170.92392900650808,284.02950964813783,458.07679157774874
2027-09-10,171.80501667067844,284.920406007408,457.6785167735877
2027-09-11,172.62904369287992,285.63826227090203,461.16931677358775
2027-09-12,171.99487482783047,285.9827768266115,461.6911437351732
2027-09-13,173.240285811779,285.83838635151494,458.318269817259
2027-09-14,174.09874799335742,287.4076956876372,457.9017563669452
2027-09-15,175.29615037238005,289.81462367961876,461.22077636694536
2027-09-16,175.5489597847093,289.8808804652974,457.84037636694535
2027-09-17,175.51763939120696,289.0353292661683,459.15820626740606
2027-09-18,174.9797839051307,290.7624075902827,462.6490062674061
2027-09-19,174.3822046564509,291.9586897383098,462.4170237997674
2027-09-20,174.9000898902079,289.4222021937801,462.93118626740596
2027-09-21,175.0821792090921,288.9264757084675,466.421986267406
2027-09-22,174.16111285621758,288.75014191631266,463.041586267406
2027-09-23,172.41664028449887,289.0721987109009,466.3606062674062
2027-09-24,173.90154592379295,290.9826431544104,469.1703381493694
2027-09-25,177.33883236151607,290.8259156137963,472.66113814936944
2027-09-26,177.7916423531511,289.7542036529078,469.45251814936927
2027-09-27,176.69200710409243,288.87891942604955,466.2438981493691
2027-09-28,178.14978806459308,289.57499017152884,462.88438657673953
2027-09-29,179.51483577326655,289.45929896749766,466.2034065767397
2027-09-30,177.05341193408492,290.24148273736796,469.21237763583804
2027-10-01,177.38821167697836,290.510840541584,472.6616854138771
2027-10-02,179.74618771384704,291.492944448147,476.1245409956793
2027-10-03,179.58711431731143,291.0092624517018,472.9716109742236
2027-10-04,179.79914843593983,291.893517222245,469.7629909742235
2027-10-05,180.54947187317802,293.151759116927,471.67884735607345
2027-10-06,181.30215493801,294.61691570802634,474.60032010180777
2027-10-07,181.93623815079775,293.8120230200775,475.2427970465744
2027-10-08,181.4028145436987,293.77551214460505,473.3662442438047
2027-10-09,181.76429968134443,292.4045918888886,476.6852642438049
2027-10-10,181.08334971431583,292.38925835954376,474.85527567096756
2027-10-11,179.98948792946538,292.7443556355398,473.8645542776203
2027-10-12,179.6251083799936,292.6321340458331,477.35535427762034
2027-10-13,180.0665656039217,294.42164416515607,474.14673427762017
2027-10-14,181.04000049902268,294.2512653482745,471.68889855975914
2027-10-15,181.68981833099727,293.495686528337,474.2571342776202
2027-10-16,179.77580104960424,294.9716588690361,477.74793427762023
2027-10-17,176.9812094071278,296.19313044426593,481.0669542776204
2027-10-18,178.26357515669957,294.63373542602085,484.3859742776206
2027-10-19,178.4724259200919,294.4650014874459,481.0055742776206
2027-10-20,178.96704609250793,296.48868614586945,477.6251742776206
2027-10-21,181.59226070579894,298.83277172782346,477.09089931754914
2027-10-22,183.16038603660076,297.2205564450504,480.4099193175493
2027-10-23,181.37595326351664,299.19346281581056,479.3350556362315
2027-10-24,180.87191423133027,299.0677542351797,480.5203193175493
2027-10-25,181.69497780358117,300.1563327323379,484.01111931754934
2027-10-26,181.5831619684167,299.8117064580462,482.1033374797226
2027-10-27,180.85599911221254,300.6898346928749,485.59413747972263
2027-10-28,180.52590270061785,300.44472075426177,482.2137374797226
2027-10-29,182.75225256600783,300.86544627814055,485.617166834877
2027-10-30,184.36764225927334,300.3539912218225,489.10796683487706
2027-10-31,185.2597791947696,300.4562772034161,492.57584612652175
2027-11-01,184.99377596569605,299.6953174957948,490.8185184384177
2027-11-02,184.84147355083536,301.10245152688026,487.60989843841753
2027-11-03,184.93610349833844,300.8431676696699,485.79986284031526
2027-11-04,185.28712419515884,301.4214523525498,489.2906628403153
2027-11-05,187.0329855158678,300.9728166582359,492.705974492159
2027-11-06,187.08816559889243,301.20235258037303,496.04223139587765
2027-11-07,186.7193591535393,302.26348515219786,498.5937789405493
2027-11-08,185.4937755705094,301.737230303509,502.08457894054936
2027-11-09,184.55275914048718,303.77665944296984,498.8759589405492
2027-11-10,185.1144755226798,304.24824835124144,502.28677791980175
2027-11-11,185.40978017514902,305.070004473032,505.399640340135
2027-11-12,184.44783387355875,303.2906976080264,503.24983080296926
2027-11-13,183.87986727747668,304.6196162332887,499.86943080296925
2027-11-14,184.0729050510804,306.803441927451,496.48903080296924
2027-11-15,185.1874769513339,305.8046476907542,496.96634948403874
2027-11-16,186.69813737006663,307.22524088752004,500.4571494840388
2027-11-17,186.15504262187963,304.93867207013034,503.9479494840388
2027-11-18,186.69054416292235,305.76711863030744,507.41024018916244
2027-11-19,188.06447857323832,307.67597347342235,505.86296991644474
2027-11-20,187.5103941687472,306.765948859794,509.33204034013517
2027-11-21,187.32456439933642,306.4151080979996,506.24747011567706
2027-11-22,188.78505781573057,306.28769068411157,502.86707011567705
2027-11-23,188.4185809295135,305.3283672449578,500.92659318585214
2027-11-24,188.66866589539987,306.05871668404393,497.54619318585213
2027-11-25,189.0459660673316,303.86983412723214,500.9114175335917
2027-11-26,188.57413097114724,305.5273633822843,504.40221753359174
2027-11-27,187.75117353578852,307.60048521561646,502.46773786952235
2027-11-28,186.0441730601811,306.55777680679944,502.9125492222505
2027-11-29,185.56508313141734,307.2609718849543,502.5134144344027
2027-11-30,185.04846617416231,308.8292893123539,499.23948228802345
2027-12-01,187.3758466997272,308.59983542091607,495.85908228802344
2027-12-02,189.01584208041513,308.81274693316107,492.6504622880233
2027-12-03,188.96394628832496,307.7347130747616,491.80608848189354
2027-12-04,190.61410105507832,308.0809613886581,495.2968884818936
2027-12-05,189.5199354943976,309.283821037145,498.7690561359423
2027-12-06,191.0182076531938,308.53473826227156,496.80520037185465
2027-12-07,191.7380617397323,309.5344539940405,500.1476476600614
2027-12-08,190.53263665617342,309.48275420306436,500.7548540903281
2027-12-09,190.33858639554956,311.494169476107,498.15269740442443
2027-12-10,192.06337401886222,313.3727399917262,500.9184284570502
2027-12-11,191.81475422740905,312.9772504662498,504.3619615630047
2027-12-12,191.87636153271924,314.00593653417445,507.6809815630049
2027-12-13,191.60473638045124,313.6055117592675,511.1717815630049
2027-12-14,189.9714919955665,313.7370564800416,513.9520100818755
2027-12-15,188.79416308021698,315.6514314318937,511.2752581948497
2027-12-16,189.50729466822344,317.2993537061121,507.8948581948497
2027-12-17,189.13174622808535,315.403859280468,509.0221662326894
2027-12-18,189.88728549428762,315.8261164433968,510.31905841958775
2027-12-19,189.3408787991348,316.03342879340323,513.7767827710437
2027-12-20,191.44666486773042,315.0467637450846,514.3128352518164
2027-12-21,191.6303858822433,315.08722776572745,513.9227033961732
2027-12-22,191.47961811054086,315.91254508373265,514.2782810215422
2027-12-23,192.17731683196092,317.5057861263964,511.704138298824
2027-12-24,192.23404765096552,317.0297039620291,515.0231582988241
2027-12-25,194.10745358829124,316.86510744837625,517.8794810215422
2027-12-26,194.38667847736608,317.5736297793428,521.3119345154431
2027-12-27,194.21887501611704,318.6462433833955,517.9315345154431
2027-12-28,194.3567658956362,319.3540781417428,514.5511345154431
2027-12-29,195.16373093445893,319.2789657326307,511.94861920074914
2027-12-30,195.39375215860298,318.8840398397696,515.1832640745274
2027-12-31,194.45513616939868,318.15029856514457,512.6015063036159
2028-01-01,195.0008007028204,318.31172738434816,514.7839052383376
2028-01-02,194.243947722795,316.84063314286584,518.2747052383377
2028-01-03,193.2261785364712,319.0737539657774,515.4040640745275
2028-01-04,194.93422642260563,319.60547683714447,518.3665664352837
2028-01-05,193.9486661382698,319.2389975980961,518.1863033961735
2028-01-06,193.29775989253983,318.7112249971814,519.0052640745275
2028-01-07,192.57120383687837,319.2374018614529,518.0384545884714
2028-01-08,193.25802656055814,320.0701671695267,521.5292545884714
2028-01-09,195.06097215706387,319.1136799932932,522.6486230850821
2028-01-10,193.87838594886009,319.13327081225566,526.1394230850822
2028-01-11,192.98947494097004,318.8291487880367,522.857034532084
2028-01-12,193.20647898500943,318.8664022800903,520.3714278511914
2028-01-13,192.36981774468276,321.00823628521437,523.0746729845084
2028-01-14,193.4977833307292,322.83651627140796,524.7727939832397
2028-01-15,196.2003850778684,321.39689938609,523.6604807271425
2028-01-16,197.5610183040097,321.22566438332194,526.9795007271426
2028-01-17,199.414145318235,322.5780022800903,523.6585473752049
2028-01-18,197.5629763294658,324.59192849535964,521.5685517941158
2028-01-19,197.02086007035572,324.9337489444083,520.1315848828946
2028-01-20,197.0698795158958,327.42485424063045,520.4608440342085
2028-01-21,196.302419609842,327.25824681283467,523.5201946128416
2028-01-22,196.6306275660627,327.5900614514861,521.318214518446
2028-01-23,197.43224463052428,329.0791221326856,523.6966978817007
2028-01-24,195.99424906343083,330.46009926959823,527.1159434334669
2028-01-25,198.94359464414188,329.506049749805,530.6067434334669
2028-01-26,196.9234927982135,326.9853311302592,527.2978978817008
2028-01-27,194.08839699386496,327.58589220851,527.5320912158608
2028-01-28,195.1409194051258,327.92406504664825,526.5977779805928
2028-01-29,195.4003908180046,329.9076673909654,523.2173779805928
2028-01-30,197.05194522911634,330.70422699423716,523.2605674164481
2028-01-31,197.18419933253378,329.88685142353296,520.051947416448
2028-02-01,198.9396504543047,330.21375384978205,523.542747416448
2028-02-02,198.7300752975313,328.289940747796,527.0335474164481
